VehicleCount,DetectorLength,PhaseDuration
0,45.019999999999996,[18.64183]
3,45.0,[39.86767]
4,45.019999999999996,[39.86767]
6,45.0,[39.86767]
5,45.019999999999996,[39.86767]
4,45.0,[39.86767]
1,45.019999999999996,[18.64183]
5,45.0,[39.86767]
3,45.019999999999996,[39.86767]
4,45.0,[39.86767]
5,45.019999999999996,[39.86767]
6,45.0,[39.86767]
3,45.019999999999996,[39.86767]
4,45.0,[39.86767]
2,45.019999999999996,[25.589293]
2,45.0,[25.589293]
5,45.019999999999996,[39.86767]
6,45.0,[39.86767]
4,45.019999999999996,[39.86767]
4,45.0,[39.86767]
2,45.019999999999996,[25.589293]
3,45.0,[39.86767]
5,45.019999999999996,[39.86767]
6,45.0,[39.86767]
4,45.019999999999996,[39.86767]
1,45.0,[18.64183]
